Timestamp,Location,Provider,Service_Type,api_calls,clouds,distance_max,distance_mean,distance_min,humidity,price_max,price_mean,price_min,rain,surge_max,surge_mean,surge_min,temp,wind
2018-11-26 06:00:00+00:00,West End,Uber,Black,8.0,0.9906666666666668,3.08,2.0675000000000003,0.72,0.92,25.5,19.8125,15.0,0.0,1.0,1.0,1.0,40.56666666666667,1.3866666666666665
2018-11-26 07:00:00+00:00,West End,Uber,Black,6.0,0.9675,2.84,2.135,1.0,0.925,26.0,21.166666666666668,17.5,0.0,1.0,1.0,1.0,41.075,1.7575
2018-11-26 08:00:00+00:00,West End,Uber,Black,,,,,,,26.5,21.23717948717949,16.25,,,,,,
2018-11-26 09:00:00+00:00,West End,Uber,Black,13.0,1.0,3.08,2.296923076923077,0.72,0.93,27.0,21.307692307692307,15.0,0.0,1.0,1.0,1.0,40.835,1.3575
2018-11-26 10:00:00+00:00,West End,Uber,Black,11.0,0.995,3.08,1.8454545454545448,0.12,0.94,24.0,19.40909090909091,15.0,0.0,1.0,1.0,1.0,40.625,1.95
2018-11-26 11:00:00+00:00,West End,Uber,Black,12.0,0.955,3.12,1.8908333333333327,0.72,0.94,27.0,19.58333333333333,15.0,0.0,1.0,1.0,1.0,40.165,2.36
2018-11-26 12:00:00+00:00,West End,Uber,Black,15.0,0.94,3.15,1.92,0.72,0.945,26.5,19.5,15.0,0.0,1.0,1.0,1.0,40.235,2.9000000000000004
2018-11-26 13:00:00+00:00,West End,Uber,Black,8.0,0.91,3.08,1.9300000000000004,0.72,0.915,26.0,19.75,15.0,0.0026,1.0,1.0,1.0,41.915,3.6
2018-11-26 14:00:00+00:00,West End,Uber,Black,13.0,0.905,3.15,2.2361538461538464,0.72,0.91,48.5,22.53846153846154,15.0,0.003,1.0,1.0,1.0,42.755,3.015
2018-11-26 15:00:00+00:00,West End,Uber,Black,8.0,0.93,3.15,2.085,0.72,0.895,24.0,20.4375,15.0,0.0,1.0,1.0,1.0,43.805,4.21
2018-11-26 16:00:00+00:00,West End,Uber,Black,6.0,0.92,3.15,2.365,0.72,0.87,25.0,20.916666666666668,16.0,0.0,1.0,1.0,1.0,45.005,5.09
2018-11-26 17:00:00+00:00,West End,Uber,Black,12.0,0.99,3.15,1.9608333333333328,0.72,0.86,24.5,20.08333333333333,15.0,0.0,1.0,1.0,1.0,45.475,6.325
2018-11-26 18:00:00+00:00,West End,Uber,Black,9.0,0.98,3.2,2.3200000000000003,0.98,0.88,24.0,19.944444444444443,15.0,0.0,1.0,1.0,1.0,45.055,5.1850000000000005
2018-11-26 19:00:00+00:00,West End,Uber,Black,9.0,0.94,3.2,2.1100000000000003,0.72,0.84,27.0,20.55555555555556,15.0,0.0,1.0,1.0,1.0,45.760000000000005,8.315
2018-11-26 20:00:00+00:00,West End,Uber,Black,10.0,0.93,3.15,2.156,0.72,0.84,27.0,20.8,15.0,0.0,1.0,1.0,1.0,45.015,8.775
2018-11-26 21:00:00+00:00,West End,Uber,Black,14.0,0.96,3.1,2.018571428571429,0.72,0.855,25.5,19.464285714285715,15.5,0.00155,1.0,1.0,1.0,44.565,9.33
2018-11-26 22:00:00+00:00,West End,Uber,Black,17.0,0.98,3.15,2.31,0.72,0.874,25.0,21.147058823529413,15.5,0.0252599999999999,1.0,1.0,1.0,44.636,8.846
2018-11-26 23:00:00+00:00,West End,Uber,Black,21.0,0.98,3.44,2.193333333333333,0.72,0.885,30.5,21.23809523809524,15.0,0.07715,1.0,1.0,1.0,44.375,9.64
2018-11-27 00:00:00+00:00,West End,Uber,Black,24.0,0.9812500000000002,3.2,2.380833333333333,0.72,0.91,29.5,21.729166666666668,15.0,0.1599625,1.0,1.0,1.0,43.81,10.36625
2018-11-27 01:00:00+00:00,West End,Uber,Black,28.0,0.9925,3.2,2.526428571428572,0.72,0.9025,26.5,21.696428571428573,15.0,0.323925,1.0,1.0,1.0,44.0275,11.5225
2018-11-27 02:00:00+00:00,West End,Uber,Black,15.0,0.995,3.15,2.065333333333333,0.72,0.905,31.5,21.2,15.0,0.12365,1.0,1.0,1.0,43.97,12.56
2018-11-27 03:00:00+00:00,West End,Uber,Black,26.0,0.995,3.08,2.1557692307692307,0.72,0.895,26.0,20.51923076923077,15.0,0.20415,1.0,1.0,1.0,44.165000000000006,13.01
2018-11-27 04:00:00+00:00,West End,Uber,Black,23.0,1.0,2.84,1.7239130434782606,0.72,0.9,26.5,18.67391304347826,15.0,0.046,1.0,1.0,1.0,44.775000000000006,16.105
2018-11-27 05:00:00+00:00,West End,Uber,Black,18.0,1.0,3.2,2.135,0.72,0.9,28.5,20.97222222222222,15.5,0.0410666666666666,1.0,1.0,1.0,43.96333333333333,14.263333333333334
2018-11-27 06:00:00+00:00,West End,Uber,Black,20.0,1.0,3.2,2.08,0.72,0.91,27.0,20.275,15.0,0.02035,1.0,1.0,1.0,44.1,12.325
2018-11-27 07:00:00+00:00,West End,Uber,Black,18.0,1.0,3.15,2.1694444444444443,0.72,0.915,26.0,20.72222222222222,15.0,0.014,1.0,1.0,1.0,43.115,10.305
2018-11-27 08:00:00+00:00,West End,Uber,Black,17.0,1.0,3.08,1.7894117647058827,0.72,0.93,31.5,19.41176470588235,15.0,0.00835,1.0,1.0,1.0,43.805,10.685
2018-11-27 09:00:00+00:00,West End,Uber,Black,16.0,1.0,3.15,2.41375,0.72,0.945,28.5,21.375,15.0,0.01415,1.0,1.0,1.0,44.13,7.915
2018-11-27 10:00:00+00:00,West End,Uber,Black,20.0,0.99,3.08,2.0265,0.72,0.965,27.0,19.475,15.0,0.0205,1.0,1.0,1.0,44.735,6.17
2018-11-27 11:00:00+00:00,West End,Uber,Black,18.0,0.975,3.15,1.9216666666666664,0.72,0.965,26.0,19.444444444444443,15.0,0.0,1.0,1.0,1.0,44.88,3.365
2018-11-27 12:00:00+00:00,West End,Uber,Black,21.0,0.985,3.2,2.1228571428571423,0.72,0.935,25.5,20.0,15.0,0.0,1.0,1.0,1.0,45.23,3.1950000000000003
2018-11-27 13:00:00+00:00,West End,Uber,Black,15.0,0.955,3.08,2.506,0.72,0.91,28.0,23.33333333333333,15.0,0.0,1.0,1.0,1.0,44.790000000000006,5.44
2018-11-27 14:00:00+00:00,West End,Uber,Black,23.0,0.94,3.2,2.024347826086956,0.72,0.895,28.5,20.065217391304348,15.0,0.0,1.0,1.0,1.0,43.845,10.735
2018-11-27 15:00:00+00:00,West End,Uber,Black,22.0,1.0,3.15,2.0909090909090904,0.04,0.875,26.0,20.5,15.0,0.0,1.0,1.0,1.0,41.040000000000006,10.805
2018-11-27 16:00:00+00:00,West End,Uber,Black,16.0,0.965,3.15,2.3862499999999995,0.72,0.84,26.0,21.40625,16.0,0.0,1.0,1.0,1.0,40.93,10.5
2018-11-27 17:00:00+00:00,West End,Uber,Black,17.0,0.915,3.2,2.323529411764706,0.98,0.795,37.5,22.352941176470587,15.5,0.0,1.0,1.0,1.0,41.22,10.86
2018-11-27 18:00:00+00:00,West End,Uber,Black,22.0,0.83,3.25,2.045,0.72,0.76,26.0,19.545454545454547,15.0,0.0,1.0,1.0,1.0,41.56,10.745
2018-11-27 19:00:00+00:00,West End,Uber,Black,21.0,0.795,3.15,2.395238095238095,0.72,0.745,26.0,21.52380952380953,15.0,0.0,1.0,1.0,1.0,41.885000000000005,10.615
2018-11-27 20:00:00+00:00,West End,Uber,Black,27.0,0.675,3.2,2.247407407407408,0.04,0.715,26.5,20.61111111111111,15.0,0.0,1.0,1.0,1.0,42.86,8.565000000000001
2018-11-27 21:00:00+00:00,West End,Uber,Black,21.0,0.5900000000000001,3.2,2.339523809523809,0.72,0.705,28.0,21.30952380952381,15.0,0.0,1.0,1.0,1.0,42.025,9.32
2018-11-27 22:00:00+00:00,West End,Uber,Black,19.0,0.49,3.2,2.3878947368421053,0.12,0.715,27.5,21.73684210526316,15.0,0.0,1.0,1.0,1.0,40.98,10.665
2018-11-27 23:00:00+00:00,West End,Uber,Black,25.0,0.185,3.2,1.893199999999999,0.72,0.715,27.5,19.72,15.0,0.0,1.0,1.0,1.0,39.47,8.675
2018-11-28 00:00:00+00:00,West End,Uber,Black,22.0,0.085,3.2,2.0268181818181814,0.72,0.73,25.0,20.15909090909091,15.0,0.0,1.0,1.0,1.0,38.91,8.2
2018-11-28 01:00:00+00:00,West End,Uber,Black,5.0,,2.84,2.1740000000000004,0.98,,25.0,21.4,16.0,,1.0,1.0,1.0,,
2018-11-28 02:00:00+00:00,West End,Uber,Black,,,,,,,26.125,21.469791666666666,15.875,,,,,,
2018-11-28 03:00:00+00:00,West End,Uber,Black,,,,,,,27.25,21.539583333333333,15.75,,,,,,
2018-11-28 04:00:00+00:00,West End,Uber,Black,,,,,,,28.375,21.609374999999996,15.625,,,,,,
2018-11-28 05:00:00+00:00,West End,Uber,Black,,,,,,,29.5,21.679166666666664,15.5,,,,,,
2018-11-28 06:00:00+00:00,West End,Uber,Black,,,,,,,30.625,21.74895833333333,15.375,,,,,,
2018-11-28 07:00:00+00:00,West End,Uber,Black,4.0,0.2407692307692307,2.84,1.9225,0.72,0.796153846153846,31.75,21.818749999999994,15.25,0.0,1.0,1.0,1.0,34.93461538461538,6.342307692307693
2018-11-28 08:00:00+00:00,West End,Uber,Black,,,,,,,32.875,21.88854166666666,15.125,,,,,,
2018-11-28 09:00:00+00:00,West End,Uber,Black,24.0,0.30125,3.2,2.31375,0.72,0.8387499999999999,34.0,21.95833333333333,15.0,0.0,1.0,1.0,1.0,33.290000000000006,5.92375
2018-11-28 10:00:00+00:00,West End,Uber,Black,27.0,0.1383333333333333,3.08,1.6337037037037034,0.72,0.8433333333333333,35.5,19.12962962962963,15.0,0.0,1.0,1.0,1.0,33.044999999999995,5.71
2018-11-28 11:00:00+00:00,West End,Uber,Black,29.0,0.3666666666666667,3.37,2.328275862068965,0.72,0.82,28.5,21.39655172413793,16.0,0.0,1.0,1.0,1.0,33.169999999999995,6.546666666666667
2018-11-28 12:00:00+00:00,West End,Uber,Black,29.0,0.7766666666666667,3.15,2.382758620689656,0.72,0.7466666666666667,28.5,21.5,16.0,0.0,1.0,1.0,1.0,35.056666666666665,6.906666666666666
2018-11-28 13:00:00+00:00,West End,Uber,Black,29.0,0.62,3.2,2.2717241379310344,0.72,0.6933333333333334,26.0,21.08620689655172,15.0,0.0,1.0,1.0,1.0,37.336666666666666,6.62
2018-11-28 14:00:00+00:00,West End,Uber,Black,30.0,0.4666666666666666,3.15,1.9646666666666663,0.72,0.67,25.5,19.58333333333333,15.0,0.0,1.0,1.0,1.0,38.620000000000005,11.326666666666668
2018-11-28 15:00:00+00:00,West End,Uber,Black,34.0,0.2833333333333334,3.2,2.157941176470588,0.72,0.6533333333333333,27.0,20.558823529411764,15.0,0.0,1.0,1.0,1.0,39.66666666666666,9.04
2018-11-28 16:00:00+00:00,West End,Uber,Black,27.0,0.6466666666666666,3.2,2.1099999999999994,0.72,0.6233333333333334,28.5,20.55555555555556,15.0,0.0,1.0,1.0,1.0,41.21666666666667,10.07
2018-11-28 17:00:00+00:00,West End,Uber,Black,34.0,0.8966666666666666,3.15,1.9205882352941173,0.72,0.6333333333333333,25.5,19.73529411764705,15.0,0.0006666666666666,1.0,1.0,1.0,41.39666666666667,9.493333333333332
2018-11-28 18:00:00+00:00,West End,Uber,Black,30.0,0.9633333333333332,3.2,2.1979999999999995,0.72,0.6333333333333333,26.0,20.616666666666667,15.0,0.0007333333333333,1.0,1.0,1.0,41.25,9.83
2018-11-28 19:00:00+00:00,West End,Uber,Black,26.0,1.0,3.15,1.943461538461538,0.72,0.65,27.0,19.71153846153846,15.0,0.0,1.0,1.0,1.0,40.73333333333333,9.65
2018-11-28 20:00:00+00:00,West End,Uber,Black,16.0,0.9866666666666668,3.2,2.3599999999999994,0.72,0.6533333333333333,26.0,21.65625,15.5,0.0,1.0,1.0,1.0,40.81666666666666,9.66
2018-11-28 21:00:00+00:00,West End,Uber,Black,18.0,0.875,3.1,2.023333333333333,0.72,0.6475000000000001,27.0,19.944444444444443,15.0,0.0,1.0,1.0,1.0,40.6225,9.2425
2018-11-28 22:00:00+00:00,West End,Uber,Black,24.0,0.8733333333333334,3.2,1.949583333333333,0.72,0.64,25.0,19.33333333333333,15.0,0.0,1.0,1.0,1.0,40.24,9.7
2018-11-28 23:00:00+00:00,West End,Uber,Black,37.0,0.8683333333333332,3.2,2.07135135135135,0.72,0.6566666666666667,29.5,20.2972972972973,15.0,0.0,1.0,1.0,1.0,39.391666666666666,10.495
2018-11-29 00:00:00+00:00,West End,Uber,Black,28.0,0.7514285714285714,3.08,2.177857142857143,0.72,0.6914285714285714,26.0,20.446428571428573,15.0,0.0,1.0,1.0,1.0,38.64857142857143,10.438571428571429
2018-11-29 01:00:00+00:00,West End,Uber,Black,43.0,0.6140000000000001,3.2,2.083488372093023,0.72,0.7139999999999999,27.0,20.569767441860463,15.0,0.0002,1.0,1.0,1.0,38.357,10.199000000000002
2018-11-29 02:00:00+00:00,West End,Uber,Black,41.0,0.4457142857142857,3.15,2.210975609756097,0.72,0.7085714285714285,26.5,20.75609756097561,15.0,0.0007857142857142,1.0,1.0,1.0,38.11714285714286,10.454285714285716
2018-11-29 03:00:00+00:00,West End,Uber,Black,33.0,0.4333333333333333,3.22,2.081212121212121,0.72,0.71,28.5,20.60606060606061,15.0,0.0,1.0,1.0,1.0,37.556666666666665,11.103333333333332
2018-11-29 04:00:00+00:00,West End,Uber,Black,28.0,0.5055555555555555,3.2,2.082142857142857,0.72,0.711111111111111,27.5,19.910714285714285,15.0,0.0002111111111111,1.0,1.0,1.0,37.53333333333333,9.714444444444446
2018-11-29 05:00:00+00:00,West End,Uber,Black,4.0,0.46,3.15,2.2825,1.0,0.7,26.0,21.25,17.0,0.0,1.0,1.0,1.0,37.83,10.1
2018-11-29 06:00:00+00:00,West End,Uber,Black,13.0,0.7742857142857142,3.15,2.277692307692308,0.72,0.6999999999999998,25.5,20.923076923076923,16.0,0.0,1.0,1.0,1.0,37.68857142857144,10.21
2018-11-29 07:00:00+00:00,West End,Uber,Black,12.0,0.79,3.15,2.1166666666666663,0.72,0.69,25.0,20.541666666666668,15.0,0.0,1.0,1.0,1.0,38.05,9.89
2018-11-29 08:00:00+00:00,West End,Uber,Black,13.0,0.63,3.15,2.1715384615384616,0.72,0.69,24.0,20.692307692307693,15.0,0.0,1.0,1.0,1.0,37.65,10.06
2018-11-29 09:00:00+00:00,West End,Uber,Black,11.0,0.54,3.08,1.9554545454545456,0.72,0.71,26.0,20.181818181818183,15.0,0.0,1.0,1.0,1.0,36.57,9.47
2018-11-29 10:00:00+00:00,West End,Uber,Black,15.0,0.06,3.08,2.298,0.72,0.7,25.0,21.5,15.0,0.0,1.0,1.0,1.0,36.78,8.87
2018-11-29 11:00:00+00:00,West End,Uber,Black,12.0,0.22,3.08,2.150833333333334,0.98,0.68,24.0,19.75,15.0,0.0,1.0,1.0,1.0,37.26,8.73
2018-11-29 12:00:00+00:00,West End,Uber,Black,15.0,0.29,3.15,2.201333333333333,0.72,0.63,35.0,21.73333333333333,15.0,0.0,1.0,1.0,1.0,38.96,10.39
2018-11-29 13:00:00+00:00,West End,Uber,Black,5.0,0.11,3.08,2.3340000000000005,1.23,0.59,28.0,21.3,16.0,0.003,1.0,1.0,1.0,40.96,10.46
2018-11-29 14:00:00+00:00,West End,Uber,Black,13.0,0.18,3.08,2.122307692307692,0.72,0.57,26.0,20.73076923076923,16.0,0.0,1.0,1.0,1.0,41.91,10.39
2018-11-29 15:00:00+00:00,West End,Uber,Black,12.0,0.59,3.2,2.441666666666667,0.72,0.54,28.5,23.291666666666668,16.0,0.0,1.0,1.0,1.0,43.64,11.33
2018-11-29 16:00:00+00:00,West End,Uber,Black,9.0,0.58,2.84,1.667777777777778,0.72,0.53,26.0,18.666666666666668,15.0,0.0,1.0,1.0,1.0,44.04,11.62
2018-11-29 17:00:00+00:00,West End,Uber,Black,9.0,0.71,2.84,1.8277777777777773,0.72,0.52,23.0,18.5,15.0,0.0,1.0,1.0,1.0,44.14,11.25
2018-11-29 18:00:00+00:00,West End,Uber,Black,12.0,0.37,2.9,2.161666666666666,0.72,0.54,27.0,20.95833333333333,16.0,0.0,1.0,1.0,1.0,43.1,11.29
2018-11-29 19:00:00+00:00,West End,Uber,Black,9.0,0.58,3.08,2.2333333333333334,0.73,0.55,25.0,20.5,15.0,0.0,1.0,1.0,1.0,42.35,10.77
2018-11-29 20:00:00+00:00,West End,Uber,Black,12.0,0.47,2.84,2.561666666666667,1.26,0.56,25.0,21.95833333333333,17.0,0.0,1.0,1.0,1.0,41.67,10.23
2018-11-29 21:00:00+00:00,West End,Uber,Black,9.0,0.3349999999999999,3.08,1.915555555555556,0.72,0.5924999999999999,28.5,20.11111111111111,15.5,0.0,1.0,1.0,1.0,40.7975,9.8525
2018-11-29 22:00:00+00:00,West End,Uber,Black,9.0,0.21,3.2,2.522222222222222,0.72,0.61,27.5,22.55555555555556,16.0,0.0,1.0,1.0,1.0,39.57,8.75
2018-11-29 23:00:00+00:00,West End,Uber,Black,9.0,0.22,2.84,1.8744444444444448,0.72,0.62,23.5,18.944444444444443,15.0,0.0,1.0,1.0,1.0,38.8,8.19
2018-11-30 00:00:00+00:00,West End,Uber,Black,12.0,0.09,3.08,1.97,0.72,0.64,26.5,20.0,15.0,0.0,1.0,1.0,1.0,38.2,8.29
2018-11-30 01:00:00+00:00,West End,Uber,Black,10.0,0.04,3.15,2.295,0.72,0.66,24.0,20.55,16.0,0.0,1.0,1.0,1.0,37.36,7.96
2018-11-30 02:00:00+00:00,West End,Uber,Black,12.0,0.0,3.15,2.2375000000000003,0.72,0.69,25.0,20.95833333333333,15.0,0.0,1.0,1.0,1.0,36.26,6.84
2018-11-30 03:00:00+00:00,West End,Uber,Black,8.0,0.06,2.84,2.035,0.72,0.69,25.5,20.0,15.0,0.0,1.0,1.0,1.0,35.78,5.62
2018-11-30 04:00:00+00:00,West End,Uber,Black,11.0,0.0,3.08,2.174545454545455,0.72,0.71,25.0,20.863636363636363,15.0,0.0,1.0,1.0,1.0,35.01,5.21
2018-11-30 05:00:00+00:00,West End,Uber,Black,13.0,0.0,3.08,2.0569230769230766,0.72,0.73,25.0,20.115384615384617,15.0,0.0,1.0,1.0,1.0,34.25,4.86
2018-11-30 06:00:00+00:00,West End,Uber,Black,11.0,0.0,3.37,1.9381818181818184,0.72,0.77,28.5,19.77272727272728,15.0,0.0,1.0,1.0,1.0,32.5,4.03
2018-11-30 07:00:00+00:00,West End,Uber,Black,4.0,0.0,3.08,2.185,0.72,0.83,23.0,20.0,16.0,0.0,1.0,1.0,1.0,30.45,2.46
2018-11-30 08:00:00+00:00,West End,Uber,Black,11.0,0.0,2.84,2.019090909090909,0.72,0.845,25.0,19.77272727272728,15.0,0.0,1.0,1.0,1.0,30.185,2.535
2018-11-30 09:00:00+00:00,West End,Uber,Black,7.0,0.03,3.2,2.62,0.72,0.85,27.0,22.642857142857142,16.0,0.0,1.0,1.0,1.0,29.71,3.26
2018-11-30 10:00:00+00:00,West End,Uber,Black,15.0,0.05,3.2,1.9486666666666668,0.72,0.85,27.5,19.666666666666668,15.0,0.0,1.0,1.0,1.0,29.49,3.29
2018-11-30 11:00:00+00:00,West End,Uber,Black,12.0,0.05,3.15,2.2216666666666667,0.72,0.84,25.0,20.70833333333333,15.5,0.0,1.0,1.0,1.0,29.84,3.16
2018-11-30 12:00:00+00:00,West End,Uber,Black,25.0,0.03,3.1,2.066399999999999,0.72,0.82,26.0,20.36,15.0,0.0,1.0,1.0,1.0,30.69,3.02
2018-11-30 13:00:00+00:00,West End,Uber,Black,14.0,0.05,3.15,2.202857142857143,0.72,0.79,25.0,20.607142857142858,15.0,0.0,1.0,1.0,1.0,33.08,1.92
2018-11-30 14:00:00+00:00,West End,Uber,Black,16.0,0.11,3.28,1.7724999999999995,0.72,0.68,26.0,19.28125,15.0,0.0,1.0,1.0,1.0,37.87,2.69
2018-11-30 15:00:00+00:00,West End,Uber,Black,7.0,0.17,3.08,2.1028571428571428,0.72,0.67,27.5,21.142857142857142,15.0,0.0,1.0,1.0,1.0,38.44,2.94
2018-11-30 16:00:00+00:00,West End,Uber,Black,8.0,0.14,3.2,1.50375,0.72,0.57,25.0,18.25,16.0,0.0,1.0,1.0,1.0,41.7,2.65
2018-11-30 17:00:00+00:00,West End,Uber,Black,12.0,0.73,3.08,2.1166666666666667,0.72,0.57,26.5,20.125,15.0,0.0,1.0,1.0,1.0,42.19,2.93
2018-11-30 18:00:00+00:00,West End,Uber,Black,13.0,0.87,3.08,2.063846153846154,0.72,0.59,24.5,19.76923076923077,15.0,0.0,1.0,1.0,1.0,41.17,1.4
2018-11-30 19:00:00+00:00,West End,Uber,Black,8.0,1.0,3.2,2.13625,0.98,0.61,26.0,20.125,15.0,0.0,1.0,1.0,1.0,40.11,3.85
2018-11-30 20:00:00+00:00,West End,Uber,Black,9.0,1.0,3.08,2.365555555555556,0.72,0.64,24.0,21.166666666666668,16.0,0.0,1.0,1.0,1.0,39.3,3.54
2018-11-30 21:00:00+00:00,West End,Uber,Black,9.0,0.93,3.08,2.0877777777777777,0.72,0.64,28.5,20.72222222222222,15.5,0.0,1.0,1.0,1.0,39.36,2.63
2018-11-30 22:00:00+00:00,West End,Uber,Black,11.0,0.96,3.2,1.868181818181818,0.72,0.66,26.0,19.63636363636364,15.0,0.0,1.0,1.0,1.0,38.52,3.18
2018-11-30 23:00:00+00:00,West End,Uber,Black,19.0,0.95,3.2,2.0442105263157897,0.04,0.67,28.5,20.157894736842103,15.0,0.0,1.0,1.0,1.0,37.71,3.74
2018-12-01 00:00:00+00:00,West End,Uber,Black,16.0,0.93,3.15,1.94375,0.72,0.67,25.5,19.5625,15.0,0.0002,1.0,1.0,1.0,37.32,3.11
2018-12-01 01:00:00+00:00,West End,Uber,Black,12.0,0.91,3.2,1.8450000000000004,0.98,0.69,25.0,19.416666666666668,15.0,0.0,1.0,1.0,1.0,36.49,4.05
2018-12-01 02:00:00+00:00,West End,Uber,Black,21.0,0.875,3.08,2.3419047619047624,0.04,0.7,31.0,21.904761904761905,15.0,0.0,1.0,1.0,1.0,36.2825,4.075
2018-12-01 03:00:00+00:00,West End,Uber,Black,12.0,0.81,3.2,2.6283333333333334,1.23,0.74,26.0,22.541666666666668,17.0,0.0,1.0,1.0,1.0,35.35,3.5
2018-12-01 04:00:00+00:00,West End,Uber,Black,13.0,0.83,3.15,1.984615384615385,0.72,0.76,26.0,20.115384615384617,15.0,0.0,1.0,1.0,1.0,34.28,3.79
2018-12-01 05:00:00+00:00,West End,Uber,Black,12.0,0.74,3.1,1.7408333333333337,0.72,0.79,25.0,18.5,15.0,0.0,1.0,1.0,1.0,33.54,3.27
2018-12-01 06:00:00+00:00,West End,Uber,Black,8.0,0.68,2.8,1.91875,0.72,0.78,24.5,19.875,15.5,0.0,1.0,1.0,1.0,33.44,3.88
2018-12-01 07:00:00+00:00,West End,Uber,Black,12.0,0.78,2.8,1.439166666666667,0.72,0.8,26.5,17.708333333333332,15.0,0.0,1.0,1.0,1.0,33.48,3.52
2018-12-01 08:00:00+00:00,West End,Uber,Black,16.0,0.84,3.15,2.314375,0.72,0.79,27.0,21.15625,15.0,0.0,1.0,1.0,1.0,33.24,4.37
2018-12-01 09:00:00+00:00,West End,Uber,Black,14.0,0.88,3.15,2.385714285714286,0.72,0.79,27.5,21.464285714285715,16.0,0.0,1.0,1.0,1.0,32.76,4.21
2018-12-01 10:00:00+00:00,West End,Uber,Black,10.0,0.52,3.15,2.284,0.72,0.8,26.0,21.7,15.0,0.0,1.0,1.0,1.0,32.04,4.64
2018-12-01 11:00:00+00:00,West End,Uber,Black,12.0,0.4,3.51,2.2975000000000003,0.72,0.79,25.0,19.791666666666668,15.0,0.0,1.0,1.0,1.0,32.52,4.32
2018-12-01 12:00:00+00:00,West End,Uber,Black,20.0,0.32,3.15,2.232,0.72,0.79,28.5,21.5,15.0,0.0,1.0,1.0,1.0,33.19,4.84
2018-12-01 13:00:00+00:00,West End,Uber,Black,11.0,0.42,2.84,2.022727272727273,0.72,0.73,25.0,19.90909090909091,15.0,0.0,1.0,1.0,1.0,35.54,5.59
2018-12-01 14:00:00+00:00,West End,Uber,Black,18.0,0.54,3.15,1.895,0.72,0.67,26.0,19.194444444444443,15.0,0.0,1.0,1.0,1.0,37.71,4.87
2018-12-01 15:00:00+00:00,West End,Uber,Black,11.0,0.11,3.15,2.247272727272727,0.71,0.61,27.0,21.09090909090909,15.0,0.0,1.0,1.0,1.0,39.91,3.35
2018-12-01 16:00:00+00:00,West End,Uber,Black,15.0,0.47,3.15,2.497333333333333,0.72,0.58,25.5,22.0,16.0,0.0,1.0,1.0,1.0,41.25,2.23
2018-12-01 17:00:00+00:00,West End,Uber,Black,20.0,0.5,3.08,2.2205,0.04,0.57,29.5,21.55,15.0,0.0,1.0,1.0,1.0,42.35,0.98
2018-12-01 18:00:00+00:00,West End,Uber,Black,9.0,0.45,3.08,1.9966666666666664,0.72,0.57,24.0,20.0,15.0,0.0,1.0,1.0,1.0,42.42,0.93
2018-12-01 19:00:00+00:00,West End,Uber,Black,12.0,0.75,3.2,2.158333333333333,0.72,0.57,26.0,20.45833333333333,15.0,0.0,1.0,1.0,1.0,42.64,1.68
2018-12-01 20:00:00+00:00,West End,Uber,Black,13.0,0.64,3.15,2.014615384615385,0.72,0.63,26.0,19.807692307692307,15.0,0.0,1.0,1.0,1.0,40.88,1.77
2018-12-01 21:00:00+00:00,West End,Uber,Black,19.0,0.56,3.08,1.9984210526315784,0.04,0.65,25.5,20.23684210526316,15.0,0.0,1.0,1.0,1.0,39.77,2.63
2018-12-01 22:00:00+00:00,West End,Uber,Black,15.0,0.53,3.2,2.1686666666666667,0.72,0.72,25.0,20.433333333333334,15.0,0.0,1.0,1.0,1.0,37.82,2.32
2018-12-01 23:00:00+00:00,West End,Uber,Black,17.0,0.41,3.15,2.0864705882352936,0.72,0.76,26.0,20.11764705882353,15.0,0.0,1.0,1.0,1.0,36.69,2.51
2018-12-02 00:00:00+00:00,West End,Uber,Black,9.0,0.2,3.2,2.464444444444444,1.0,0.78,27.0,21.88888888888889,16.0,0.0,1.0,1.0,1.0,35.63,1.85
2018-12-02 01:00:00+00:00,West End,Uber,Black,10.0,0.19,3.15,2.068,1.0,0.81,26.0,20.5,16.0,0.0,1.0,1.0,1.0,35.71,1.35
2018-12-02 02:00:00+00:00,West End,Uber,Black,8.0,0.52,2.8,1.9825,0.98,0.82,24.0,19.75,15.0,0.0,1.0,1.0,1.0,35.95,1.57
2018-12-02 03:00:00+00:00,West End,Uber,Black,15.0,0.37,3.08,2.0893333333333337,0.72,0.81,25.0,19.3,15.0,0.0,1.0,1.0,1.0,36.69,0.3
2018-12-02 04:00:00+00:00,West End,Uber,Black,15.0,0.9,3.2,2.3006666666666664,0.72,0.84,26.5,21.03333333333333,15.0,0.0,1.0,1.0,1.0,36.57,1.05
2018-12-02 05:00:00+00:00,West End,Uber,Black,16.0,0.83,3.2,2.29625,0.72,0.85,27.0,20.78125,15.0,0.0,1.0,1.0,1.0,36.97,1.58
2018-12-02 06:00:00+00:00,West End,Uber,Black,9.0,1.0,2.84,1.8511111111111112,0.72,0.83,22.0,19.22222222222222,16.0,0.0,1.0,1.0,1.0,38.33,2.75
2018-12-02 07:00:00+00:00,West End,Uber,Black,15.0,1.0,3.15,2.6179999999999994,1.23,0.86,25.0,21.866666666666667,17.5,0.0183,1.0,1.0,1.0,37.94,1.92
2018-12-02 08:00:00+00:00,West End,Uber,Black,18.0,1.0,3.2,2.1277777777777773,0.72,0.86,29.5,20.72222222222222,15.0,0.0294,1.0,1.0,1.0,39.19,4.05
2018-12-02 09:00:00+00:00,West End,Uber,Black,10.0,1.0,3.08,2.1870000000000003,0.73,0.91,26.0,20.3,15.0,0.005,1.0,1.0,1.0,38.49,3.01
2018-12-02 10:00:00+00:00,West End,Uber,Black,17.0,0.99,3.08,2.265882352941176,0.72,0.92,26.5,21.08823529411765,16.0,0.0354,1.0,1.0,1.0,38.95,5.25
2018-12-02 11:00:00+00:00,West End,Uber,Black,15.0,1.0,3.2,2.3433333333333333,0.72,0.92,26.0,20.966666666666665,15.0,0.0281,1.0,1.0,1.0,39.46,5.41
2018-12-02 12:00:00+00:00,West End,Uber,Black,9.0,1.0,3.15,1.807777777777778,0.72,0.92,27.0,19.27777777777778,15.0,0.031,1.0,1.0,1.0,41.41,8.53
2018-12-02 13:00:00+00:00,West End,Uber,Black,15.0,1.0,3.08,2.0966666666666667,0.72,0.93,26.0,20.23333333333333,15.0,0.0241,1.0,1.0,1.0,42.7,7.66
2018-12-02 14:00:00+00:00,West End,Uber,Black,7.0,1.0,3.08,2.4771428571428573,0.98,0.94,27.5,22.928571428571427,17.0,0.0081,1.0,1.0,1.0,43.63,6.7
2018-12-02 15:00:00+00:00,West End,Uber,Black,11.0,1.0,3.2,2.207272727272727,0.72,0.95,27.5,21.045454545454547,15.0,0.003,1.0,1.0,1.0,44.9,6.29
2018-12-02 16:00:00+00:00,West End,Uber,Black,12.0,1.0,3.15,2.3058333333333336,0.12,0.94,29.5,22.125,15.0,0.0,1.0,1.0,1.0,46.29,7.07
2018-12-02 17:00:00+00:00,West End,Uber,Black,8.0,1.0,3.15,2.1525,0.98,0.96,23.0,19.75,16.0,0.0068,1.0,1.0,1.0,47.32,5.16
2018-12-02 18:00:00+00:00,West End,Uber,Black,16.0,0.99,3.58,2.584375,1.23,0.94,31.5,23.46875,17.5,0.003,1.0,1.0,1.0,48.64,3.93
2018-12-02 19:00:00+00:00,West End,Uber,Black,12.0,1.0,3.15,2.3441666666666667,0.94,0.93,27.0,21.08333333333333,15.0,0.0,1.0,1.0,1.0,50.32,2.43
2018-12-02 20:00:00+00:00,West End,Uber,Black,15.0,1.0,3.2,2.2346666666666666,0.72,0.93,27.0,21.4,15.0,0.0,1.0,1.0,1.0,51.09,3.62
2018-12-02 21:00:00+00:00,West End,Uber,Black,13.0,1.0,3.89,2.426923076923077,0.98,0.94,27.0,21.0,15.0,0.0,1.0,1.0,1.0,50.72,3.92
2018-12-02 22:00:00+00:00,West End,Uber,Black,11.0,1.0,3.2,2.688181818181818,0.72,0.92,26.5,22.818181818181817,15.0,0.0,1.0,1.0,1.0,50.47,4.03
2018-12-02 23:00:00+00:00,West End,Uber,Black,10.0,1.0,3.2,1.98,0.72,0.94,25.5,20.0,15.5,0.0,1.0,1.0,1.0,48.07,3.98
2018-12-03 00:00:00+00:00,West End,Uber,Black,12.0,1.0,3.15,1.9375,0.72,0.93,27.0,19.125,15.0,0.0,1.0,1.0,1.0,48.67,2.61
2018-12-03 01:00:00+00:00,West End,Uber,Black,19.0,0.99,3.08,1.423157894736842,0.72,0.93,24.0,17.842105263157894,15.0,0.0,1.0,1.0,1.0,47.68,1.88
2018-12-03 02:00:00+00:00,West End,Uber,Black,17.0,0.98,2.84,2.1382352941176466,0.72,0.94,26.5,20.647058823529413,15.0,0.0,1.0,1.0,1.0,47.2,3.57
2018-12-03 03:00:00+00:00,West End,Uber,Black,11.0,0.94,3.15,1.6145454545454545,0.72,0.93,25.0,18.27272727272728,15.0,0.0,1.0,1.0,1.0,46.7,2.91
2018-12-03 04:00:00+00:00,West End,Uber,Black,10.0,0.86,3.2,2.088,0.72,0.94,24.0,19.8,15.0,0.0,1.0,1.0,1.0,46.74,2.65
2018-12-03 05:00:00+00:00,West End,Uber,Black,15.0,0.92,3.15,1.7,0.12,0.95,25.0,19.133333333333333,15.0,0.0,1.0,1.0,1.0,44.72,2.27
2018-12-03 06:00:00+00:00,West End,Uber,Black,11.0,0.89,2.84,2.165454545454545,0.72,0.96,25.0,19.77272727272728,16.0,0.0,1.0,1.0,1.0,44.69,1.52
2018-12-03 07:00:00+00:00,West End,Uber,Black,12.0,0.78,3.1,2.111666666666667,0.72,0.97,27.5,20.25,15.0,0.0,1.0,1.0,1.0,44.34,3.51
2018-12-03 08:00:00+00:00,West End,Uber,Black,16.0,0.92,3.08,2.205625,0.72,0.94,25.0,19.9375,15.0,0.0,1.0,1.0,1.0,45.35,2.78
2018-12-03 09:00:00+00:00,West End,Uber,Black,16.0,0.88,3.08,2.280625,0.72,0.95,28.0,21.40625,15.0,0.0,1.0,1.0,1.0,45.42,1.37
2018-12-03 10:00:00+00:00,West End,Uber,Black,14.0,0.92,3.2,1.8164285714285715,0.72,0.94,25.0,19.464285714285715,15.0,0.0,1.0,1.0,1.0,46.22,2.5
2018-12-03 11:00:00+00:00,West End,Uber,Black,14.0,0.98,3.2,2.509285714285714,0.72,0.92,24.0,21.178571428571427,15.0,0.0,1.0,1.0,1.0,47.44,3.47
2018-12-03 12:00:00+00:00,West End,Uber,Black,15.0,0.89,3.2,1.9733333333333336,0.72,0.92,25.0,19.3,15.0,0.0113,1.0,1.0,1.0,49.4,4.48
2018-12-03 13:00:00+00:00,West End,Uber,Black,7.0,0.76,3.08,2.397142857142857,1.86,0.89,26.0,21.5,17.5,0.0,1.0,1.0,1.0,50.83,6.17
2018-12-03 14:00:00+00:00,West End,Uber,Black,16.0,0.74,3.18,2.36375,0.72,0.86,27.0,21.75,15.0,0.0,1.0,1.0,1.0,52.68,6.62
2018-12-03 15:00:00+00:00,West End,Uber,Black,10.0,0.63,3.31,1.978,0.72,0.78,31.0,20.55,15.0,0.0,1.0,1.0,1.0,54.89,7.45
2018-12-03 16:00:00+00:00,West End,Uber,Black,16.0,0.48,3.2,1.97,0.72,0.68,26.0,19.59375,15.5,0.0,1.0,1.0,1.0,55.29,16.27
2018-12-03 17:00:00+00:00,West End,Uber,Black,17.0,0.64,3.22,2.2835294117647065,0.72,0.63,27.0,21.61764705882353,15.0,0.0,1.0,1.0,1.0,54.22,13.47
2018-12-03 18:00:00+00:00,West End,Uber,Black,9.0,0.85,3.08,1.65,0.72,0.55,26.0,18.77777777777778,15.0,0.0,1.0,1.0,1.0,52.97,9.89
2018-12-03 19:00:00+00:00,West End,Uber,Black,12.0,0.67,3.2,2.3966666666666665,0.72,0.53,30.5,21.83333333333333,15.0,0.0,1.0,1.0,1.0,51.84,8.07
2018-12-03 20:00:00+00:00,West End,Uber,Black,8.0,0.7,3.15,2.5000000000000004,1.25,0.56,24.0,21.5625,18.0,0.0,1.0,1.0,1.0,50.67,6.81
2018-12-03 21:00:00+00:00,West End,Uber,Black,13.0,0.4,3.08,1.9038461538461533,0.12,0.53,25.0,19.846153846153847,15.0,0.004,1.0,1.0,1.0,49.85,7.55
2018-12-03 22:00:00+00:00,West End,Uber,Black,10.0,0.18,2.92,1.6489999999999998,0.72,0.55,26.0,19.2,15.0,0.0,1.0,1.0,1.0,47.99,10.59
2018-12-03 23:00:00+00:00,West End,Uber,Black,16.0,0.06,3.2,2.2356250000000006,0.72,0.56,27.5,21.125,15.0,0.0,1.0,1.0,1.0,46.81,8.64
2018-12-04 00:00:00+00:00,West End,Uber,Black,19.0,0.08,3.27,2.4626315789473683,0.98,0.59,27.0,21.5,15.0,0.0,1.0,1.0,1.0,45.91,6.2
2018-12-04 01:00:00+00:00,West End,Uber,Black,9.0,0.04,3.08,1.5622222222222224,0.72,0.6,28.5,18.72222222222222,15.0,0.0,1.0,1.0,1.0,45.65,7.92
2018-12-04 02:00:00+00:00,West End,Uber,Black,8.0,0.25,3.08,2.645,1.86,0.63,26.0,22.0625,16.0,0.0,1.0,1.0,1.0,44.9,8.59
2018-12-04 03:00:00+00:00,West End,Uber,Black,16.0,0.53,3.2,2.065,0.72,0.63,27.0,20.53125,15.0,0.0,1.0,1.0,1.0,43.83,7.32
2018-12-04 04:00:00+00:00,West End,Uber,Black,13.0,0.52,3.08,2.1453846153846152,0.72,0.64,25.5,19.923076923076923,15.0,0.0,1.0,1.0,1.0,41.46,8.08
2018-12-04 05:00:00+00:00,West End,Uber,Black,11.0,0.57,2.84,1.8463636363636369,0.73,0.64,26.5,18.818181818181817,15.0,0.0,1.0,1.0,1.0,39.43,8.11
2018-12-04 06:00:00+00:00,West End,Uber,Black,14.0,,3.2,2.31,0.04,,26.5,20.857142857142858,15.0,,1.0,1.0,1.0,,
2018-12-04 07:00:00+00:00,West End,Uber,Black,,,,,,,,,,,,,,,
2018-12-04 08:00:00+00:00,West End,Uber,Black,,,,,,,,,,,,,,,
2018-12-04 09:00:00+00:00,West End,Uber,Black,,,,,,,,,,,,,,,
2018-12-04 10:00:00+00:00,West End,Uber,Black,,,,,,,,,,,,,,,
2018-12-04 11:00:00+00:00,West End,Uber,Black,,,,,,,,,,,,,,,
2018-12-04 12:00:00+00:00,West End,Uber,Black,,,,,,,,,,,,,,,
2018-12-04 13:00:00+00:00,West End,Uber,Black,,,,,,,,,,,,,,,
2018-12-04 14:00:00+00:00,West End,Uber,Black,,,,,,,,,,,,,,,
2018-12-04 15:00:00+00:00,West End,Uber,Black,,,,,,,,,,,,,,,
2018-12-04 16:00:00+00:00,West End,Uber,Black,,,,,,,,,,,,,,,
2018-12-04 17:00:00+00:00,West End,Uber,Black,,,,,,,,,,,,,,,
2018-12-04 18:00:00+00:00,West End,Uber,Black,,,,,,,,,,,,,,,
2018-12-04 19:00:00+00:00,West End,Uber,Black,,,,,,,,,,,,,,,
2018-12-04 20:00:00+00:00,West End,Uber,Black,,,,,,,,,,,,,,,
2018-12-04 21:00:00+00:00,West End,Uber,Black,,,,,,,,,,,,,,,
2018-12-04 22:00:00+00:00,West End,Uber,Black,,,,,,,,,,,,,,,
2018-12-04 23:00:00+00:00,West End,Uber,Black,,,,,,,,,,,,,,,
2018-12-05 00:00:00+00:00,West End,Uber,Black,,,,,,,,,,,,,,,
2018-12-05 01:00:00+00:00,West End,Uber,Black,,,,,,,,,,,,,,,
2018-12-05 02:00:00+00:00,West End,Uber,Black,,,,,,,,,,,,,,,
2018-12-05 03:00:00+00:00,West End,Uber,Black,,,,,,,,,,,,,,,
2018-12-05 04:00:00+00:00,West End,Uber,Black,,,,,,,,,,,,,,,
2018-12-05 05:00:00+00:00,West End,Uber,Black,,,,,,,,,,,,,,,
2018-12-05 06:00:00+00:00,West End,Uber,Black,,,,,,,,,,,,,,,
2018-12-05 07:00:00+00:00,West End,Uber,Black,,,,,,,,,,,,,,,
2018-12-05 08:00:00+00:00,West End,Uber,Black,,,,,,,,,,,,,,,
2018-12-05 09:00:00+00:00,West End,Uber,Black,,,,,,,,,,,,,,,
2018-12-05 10:00:00+00:00,West End,Uber,Black,,,,,,,,,,,,,,,
2018-12-05 11:00:00+00:00,West End,Uber,Black,,,,,,,,,,,,,,,
2018-12-05 12:00:00+00:00,West End,Uber,Black,,,,,,,,,,,,,,,
2018-12-05 13:00:00+00:00,West End,Uber,Black,,,,,,,,,,,,,,,
2018-12-05 14:00:00+00:00,West End,Uber,Black,,,,,,,,,,,,,,,
2018-12-05 15:00:00+00:00,West End,Uber,Black,,,,,,,,,,,,,,,
2018-12-05 16:00:00+00:00,West End,Uber,Black,,,,,,,,,,,,,,,
2018-12-05 17:00:00+00:00,West End,Uber,Black,,,,,,,,,,,,,,,
2018-12-05 18:00:00+00:00,West End,Uber,Black,,,,,,,,,,,,,,,
2018-12-05 19:00:00+00:00,West End,Uber,Black,,,,,,,,,,,,,,,
2018-12-05 20:00:00+00:00,West End,Uber,Black,,,,,,,,,,,,,,,
2018-12-05 21:00:00+00:00,West End,Uber,Black,,,,,,,,,,,,,,,
2018-12-05 22:00:00+00:00,West End,Uber,Black,,,,,,,,,,,,,,,
2018-12-05 23:00:00+00:00,West End,Uber,Black,,,,,,,,,,,,,,,
2018-12-06 00:00:00+00:00,West End,Uber,Black,,,,,,,,,,,,,,,
2018-12-06 01:00:00+00:00,West End,Uber,Black,,,,,,,,,,,,,,,
2018-12-06 02:00:00+00:00,West End,Uber,Black,,,,,,,,,,,,,,,
2018-12-06 03:00:00+00:00,West End,Uber,Black,,,,,,,,,,,,,,,
2018-12-06 04:00:00+00:00,West End,Uber,Black,,,,,,,,,,,,,,,
2018-12-06 05:00:00+00:00,West End,Uber,Black,,,,,,,,,,,,,,,
2018-12-06 06:00:00+00:00,West End,Uber,Black,,,,,,,,,,,,,,,
2018-12-06 07:00:00+00:00,West End,Uber,Black,,,,,,,,,,,,,,,
2018-12-06 08:00:00+00:00,West End,Uber,Black,,,,,,,,,,,,,,,
2018-12-06 09:00:00+00:00,West End,Uber,Black,,,,,,,,,,,,,,,
2018-12-06 10:00:00+00:00,West End,Uber,Black,,,,,,,,,,,,,,,
2018-12-06 11:00:00+00:00,West End,Uber,Black,,,,,,,,,,,,,,,
2018-12-06 12:00:00+00:00,West End,Uber,Black,,,,,,,,,,,,,,,
2018-12-06 13:00:00+00:00,West End,Uber,Black,,,,,,,,,,,,,,,
2018-12-06 14:00:00+00:00,West End,Uber,Black,,,,,,,,,,,,,,,
2018-12-06 15:00:00+00:00,West End,Uber,Black,,,,,,,,,,,,,,,
2018-12-06 16:00:00+00:00,West End,Uber,Black,,,,,,,,,,,,,,,
2018-12-06 17:00:00+00:00,West End,Uber,Black,,,,,,,,,,,,,,,
2018-12-06 18:00:00+00:00,West End,Uber,Black,,,,,,,,,,,,,,,
2018-12-06 19:00:00+00:00,West End,Uber,Black,,,,,,,,,,,,,,,
2018-12-06 20:00:00+00:00,West End,Uber,Black,,,,,,,,,,,,,,,
2018-12-06 21:00:00+00:00,West End,Uber,Black,,,,,,,,,,,,,,,
2018-12-06 22:00:00+00:00,West End,Uber,Black,,,,,,,,,,,,,,,
2018-12-06 23:00:00+00:00,West End,Uber,Black,,,,,,,,,,,,,,,
2018-12-07 00:00:00+00:00,West End,Uber,Black,,,,,,,,,,,,,,,
2018-12-07 01:00:00+00:00,West End,Uber,Black,,,,,,,,,,,,,,,
2018-12-07 02:00:00+00:00,West End,Uber,Black,,,,,,,,,,,,,,,
2018-12-07 03:00:00+00:00,West End,Uber,Black,,,,,,,,,,,,,,,
2018-12-07 04:00:00+00:00,West End,Uber,Black,,,,,,,,,,,,,,,
2018-12-07 05:00:00+00:00,West End,Uber,Black,,,,,,,,,,,,,,,
2018-12-07 06:00:00+00:00,West End,Uber,Black,,,,,,,,,,,,,,,
2018-12-07 07:00:00+00:00,West End,Uber,Black,,,,,,,,,,,,,,,
2018-12-07 08:00:00+00:00,West End,Uber,Black,,,,,,,,,,,,,,,
2018-12-07 09:00:00+00:00,West End,Uber,Black,,,,,,,,,,,,,,,
2018-12-07 10:00:00+00:00,West End,Uber,Black,,,,,,,,,,,,,,,
2018-12-07 11:00:00+00:00,West End,Uber,Black,,,,,,,,,,,,,,,
2018-12-07 12:00:00+00:00,West End,Uber,Black,,,,,,,,,,,,,,,
2018-12-07 13:00:00+00:00,West End,Uber,Black,,,,,,,,,,,,,,,
2018-12-07 14:00:00+00:00,West End,Uber,Black,,,,,,,,,,,,,,,
2018-12-07 15:00:00+00:00,West End,Uber,Black,,,,,,,,,,,,,,,
2018-12-07 16:00:00+00:00,West End,Uber,Black,,,,,,,,,,,,,,,
2018-12-07 17:00:00+00:00,West End,Uber,Black,,,,,,,,,,,,,,,
2018-12-07 18:00:00+00:00,West End,Uber,Black,,,,,,,,,,,,,,,
2018-12-07 19:00:00+00:00,West End,Uber,Black,,,,,,,,,,,,,,,
2018-12-07 20:00:00+00:00,West End,Uber,Black,,,,,,,,,,,,,,,
2018-12-07 21:00:00+00:00,West End,Uber,Black,,,,,,,,,,,,,,,
2018-12-07 22:00:00+00:00,West End,Uber,Black,,,,,,,,,,,,,,,
2018-12-07 23:00:00+00:00,West End,Uber,Black,,,,,,,,,,,,,,,
2018-12-08 00:00:00+00:00,West End,Uber,Black,,,,,,,,,,,,,,,
2018-12-08 01:00:00+00:00,West End,Uber,Black,,,,,,,,,,,,,,,
2018-12-08 02:00:00+00:00,West End,Uber,Black,,,,,,,,,,,,,,,
2018-12-08 03:00:00+00:00,West End,Uber,Black,,,,,,,,,,,,,,,
2018-12-08 04:00:00+00:00,West End,Uber,Black,,,,,,,,,,,,,,,
2018-12-08 05:00:00+00:00,West End,Uber,Black,,,,,,,,,,,,,,,
2018-12-08 06:00:00+00:00,West End,Uber,Black,,,,,,,,,,,,,,,
2018-12-08 07:00:00+00:00,West End,Uber,Black,,,,,,,,,,,,,,,
2018-12-08 08:00:00+00:00,West End,Uber,Black,,,,,,,,,,,,,,,
2018-12-08 09:00:00+00:00,West End,Uber,Black,,,,,,,,,,,,,,,
2018-12-08 10:00:00+00:00,West End,Uber,Black,,,,,,,,,,,,,,,
2018-12-08 11:00:00+00:00,West End,Uber,Black,,,,,,,,,,,,,,,
2018-12-08 12:00:00+00:00,West End,Uber,Black,,,,,,,,,,,,,,,
2018-12-08 13:00:00+00:00,West End,Uber,Black,,,,,,,,,,,,,,,
2018-12-08 14:00:00+00:00,West End,Uber,Black,,,,,,,,,,,,,,,
2018-12-08 15:00:00+00:00,West End,Uber,Black,,,,,,,,,,,,,,,
2018-12-08 16:00:00+00:00,West End,Uber,Black,,,,,,,,,,,,,,,
2018-12-08 17:00:00+00:00,West End,Uber,Black,,,,,,,,,,,,,,,
2018-12-08 18:00:00+00:00,West End,Uber,Black,,,,,,,,,,,,,,,
2018-12-08 19:00:00+00:00,West End,Uber,Black,,,,,,,,,,,,,,,
2018-12-08 20:00:00+00:00,West End,Uber,Black,,,,,,,,,,,,,,,
2018-12-08 21:00:00+00:00,West End,Uber,Black,,,,,,,,,,,,,,,
2018-12-08 22:00:00+00:00,West End,Uber,Black,,,,,,,,,,,,,,,
2018-12-08 23:00:00+00:00,West End,Uber,Black,,,,,,,,,,,,,,,
2018-12-09 00:00:00+00:00,West End,Uber,Black,,,,,,,,,,,,,,,
2018-12-09 01:00:00+00:00,West End,Uber,Black,,,,,,,,,,,,,,,
2018-12-09 02:00:00+00:00,West End,Uber,Black,,,,,,,,,,,,,,,
2018-12-09 03:00:00+00:00,West End,Uber,Black,,,,,,,,,,,,,,,
2018-12-09 04:00:00+00:00,West End,Uber,Black,,,,,,,,,,,,,,,
2018-12-09 05:00:00+00:00,West End,Uber,Black,,,,,,,,,,,,,,,
2018-12-09 06:00:00+00:00,West End,Uber,Black,,,,,,,,,,,,,,,
2018-12-09 07:00:00+00:00,West End,Uber,Black,,,,,,,,,,,,,,,
2018-12-09 08:00:00+00:00,West End,Uber,Black,,,,,,,,,,,,,,,
2018-12-09 09:00:00+00:00,West End,Uber,Black,,,,,,,,,,,,,,,
2018-12-09 10:00:00+00:00,West End,Uber,Black,,,,,,,,,,,,,,,
2018-12-09 11:00:00+00:00,West End,Uber,Black,,,,,,,,,,,,,,,
2018-12-09 12:00:00+00:00,West End,Uber,Black,,,,,,,,,,,,,,,
2018-12-09 13:00:00+00:00,West End,Uber,Black,,,,,,,,,,,,,,,
2018-12-09 14:00:00+00:00,West End,Uber,Black,,,,,,,,,,,,,,,
2018-12-09 15:00:00+00:00,West End,Uber,Black,,,,,,,,,,,,,,,
2018-12-09 16:00:00+00:00,West End,Uber,Black,,,,,,,,,,,,,,,
2018-12-09 17:00:00+00:00,West End,Uber,Black,,,,,,,,,,,,,,,
2018-12-09 18:00:00+00:00,West End,Uber,Black,,,,,,,,,,,,,,,
2018-12-09 19:00:00+00:00,West End,Uber,Black,,,,,,,,,,,,,,,
2018-12-09 20:00:00+00:00,West End,Uber,Black,,,,,,,,,,,,,,,
2018-12-09 21:00:00+00:00,West End,Uber,Black,,,,,,,,,,,,,,,
2018-12-09 22:00:00+00:00,West End,Uber,Black,,,,,,,,,,,,,,,
2018-12-09 23:00:00+00:00,West End,Uber,Black,8.0,0.195,3.08,2.7725,2.16,0.57,,,,0.0,1.0,1.0,1.0,30.86,5.5600000000000005
2018-12-10 00:00:00+00:00,West End,Uber,Black,10.0,0.11,3.2,2.234,0.72,0.58,,,,0.0,1.0,1.0,1.0,30.13,5.14
2018-12-10 01:00:00+00:00,West End,Uber,Black,,,,,,,,,,,,,,,
2018-12-10 02:00:00+00:00,West End,Uber,Black,11.0,0.2675,3.08,2.243636363636364,0.98,0.6,,,,0.0,1.0,1.0,1.0,28.755,5.165
2018-12-10 03:00:00+00:00,West End,Uber,Black,,,,,,,,,,,,,,,
2018-12-10 04:00:00+00:00,West End,Uber,Black,,,,,,,,,,,,,,,
2018-12-10 05:00:00+00:00,West End,Uber,Black,,,,,,,,,,,,,,,
2018-12-10 06:00:00+00:00,West End,Uber,Black,,,,,,,,,,,,,,,
2018-12-10 07:00:00+00:00,West End,Uber,Black,,,,,,,,,,,,,,,
2018-12-10 08:00:00+00:00,West End,Uber,Black,,,,,,,,,,,,,,,
2018-12-10 09:00:00+00:00,West End,Uber,Black,,,,,,,,,,,,,,,
2018-12-10 10:00:00+00:00,West End,Uber,Black,,,,,,,,,,,,,,,
2018-12-10 11:00:00+00:00,West End,Uber,Black,,,,,,,,,,,,,,,
2018-12-10 12:00:00+00:00,West End,Uber,Black,,,,,,,,,,,,,,,
2018-12-10 13:00:00+00:00,West End,Uber,Black,,,,,,,,,,,,,,,
2018-12-10 14:00:00+00:00,West End,Uber,Black,,,,,,,,,,,,,,,
2018-12-10 15:00:00+00:00,West End,Uber,Black,,,,,,,,,,,,,,,
2018-12-10 16:00:00+00:00,West End,Uber,Black,,,,,,,,,,,,,,,
2018-12-10 17:00:00+00:00,West End,Uber,Black,,,,,,,,,,,,,,,
2018-12-10 18:00:00+00:00,West End,Uber,Black,,,,,,,,,,,,,,,
2018-12-10 19:00:00+00:00,West End,Uber,Black,,,,,,,,,,,,,,,
2018-12-10 20:00:00+00:00,West End,Uber,Black,,,,,,,,,,,,,,,
2018-12-10 21:00:00+00:00,West End,Uber,Black,,,,,,,,,,,,,,,
2018-12-10 22:00:00+00:00,West End,Uber,Black,,,,,,,,,,,,,,,
2018-12-10 23:00:00+00:00,West End,Uber,Black,,,,,,,,,,,,,,,
2018-12-11 00:00:00+00:00,West End,Uber,Black,,,,,,,,,,,,,,,
2018-12-11 01:00:00+00:00,West End,Uber,Black,,,,,,,,,,,,,,,
2018-12-11 02:00:00+00:00,West End,Uber,Black,,,,,,,,,,,,,,,
2018-12-11 03:00:00+00:00,West End,Uber,Black,,,,,,,,,,,,,,,
2018-12-11 04:00:00+00:00,West End,Uber,Black,,,,,,,,,,,,,,,
2018-12-11 05:00:00+00:00,West End,Uber,Black,,,,,,,,,,,,,,,
2018-12-11 06:00:00+00:00,West End,Uber,Black,,,,,,,,,,,,,,,
2018-12-11 07:00:00+00:00,West End,Uber,Black,,,,,,,,,,,,,,,
2018-12-11 08:00:00+00:00,West End,Uber,Black,,,,,,,,,,,,,,,
2018-12-11 09:00:00+00:00,West End,Uber,Black,,,,,,,,,,,,,,,
2018-12-11 10:00:00+00:00,West End,Uber,Black,,,,,,,,,,,,,,,
2018-12-11 11:00:00+00:00,West End,Uber,Black,,,,,,,,,,,,,,,
2018-12-11 12:00:00+00:00,West End,Uber,Black,,,,,,,,,,,,,,,
2018-12-11 13:00:00+00:00,West End,Uber,Black,,,,,,,,,,,,,,,
2018-12-11 14:00:00+00:00,West End,Uber,Black,,,,,,,,,,,,,,,
2018-12-11 15:00:00+00:00,West End,Uber,Black,,,,,,,,,,,,,,,
2018-12-11 16:00:00+00:00,West End,Uber,Black,,,,,,,,,,,,,,,
2018-12-11 17:00:00+00:00,West End,Uber,Black,,,,,,,,,,,,,,,
2018-12-11 18:00:00+00:00,West End,Uber,Black,,,,,,,,,,,,,,,
2018-12-11 19:00:00+00:00,West End,Uber,Black,,,,,,,,,,,,,,,
2018-12-11 20:00:00+00:00,West End,Uber,Black,,,,,,,,,,,,,,,
2018-12-11 21:00:00+00:00,West End,Uber,Black,,,,,,,,,,,,,,,
2018-12-11 22:00:00+00:00,West End,Uber,Black,,,,,,,,,,,,,,,
2018-12-11 23:00:00+00:00,West End,Uber,Black,,,,,,,,,,,,,,,
2018-12-12 00:00:00+00:00,West End,Uber,Black,,,,,,,,,,,,,,,
2018-12-12 01:00:00+00:00,West End,Uber,Black,,,,,,,,,,,,,,,
2018-12-12 02:00:00+00:00,West End,Uber,Black,,,,,,,,,,,,,,,
2018-12-12 03:00:00+00:00,West End,Uber,Black,,,,,,,,,,,,,,,
2018-12-12 04:00:00+00:00,West End,Uber,Black,,,,,,,,,,,,,,,
2018-12-12 05:00:00+00:00,West End,Uber,Black,,,,,,,,,,,,,,,
2018-12-12 06:00:00+00:00,West End,Uber,Black,,,,,,,,,,,,,,,
2018-12-12 07:00:00+00:00,West End,Uber,Black,,,,,,,,,,,,,,,
2018-12-12 08:00:00+00:00,West End,Uber,Black,,,,,,,,,,,,,,,
2018-12-12 09:00:00+00:00,West End,Uber,Black,,,,,,,,,,,,,,,
2018-12-12 10:00:00+00:00,West End,Uber,Black,,,,,,,,,,,,,,,
2018-12-12 11:00:00+00:00,West End,Uber,Black,,,,,,,,,,,,,,,
2018-12-12 12:00:00+00:00,West End,Uber,Black,,,,,,,,,,,,,,,
2018-12-12 13:00:00+00:00,West End,Uber,Black,,,,,,,,,,,,,,,
2018-12-12 14:00:00+00:00,West End,Uber,Black,,,,,,,,,,,,,,,
2018-12-12 15:00:00+00:00,West End,Uber,Black,,,,,,,,,,,,,,,
2018-12-12 16:00:00+00:00,West End,Uber,Black,,,,,,,,,,,,,,,
2018-12-12 17:00:00+00:00,West End,Uber,Black,,,,,,,,,,,,,,,
2018-12-12 18:00:00+00:00,West End,Uber,Black,,,,,,,,,,,,,,,
2018-12-12 19:00:00+00:00,West End,Uber,Black,,,,,,,,,,,,,,,
2018-12-12 20:00:00+00:00,West End,Uber,Black,,,,,,,,,,,,,,,
2018-12-12 21:00:00+00:00,West End,Uber,Black,,,,,,,,,,,,,,,
2018-12-12 22:00:00+00:00,West End,Uber,Black,,,,,,,,,,,,,,,
2018-12-12 23:00:00+00:00,West End,Uber,Black,,,,,,,,,,,,,,,
2018-12-13 00:00:00+00:00,West End,Uber,Black,,,,,,,,,,,,,,,
2018-12-13 01:00:00+00:00,West End,Uber,Black,,,,,,,,,,,,,,,
2018-12-13 02:00:00+00:00,West End,Uber,Black,,,,,,,,,,,,,,,
2018-12-13 03:00:00+00:00,West End,Uber,Black,13.0,0.08,3.15,2.295384615384616,0.72,0.4599999999999999,25.5,21.384615384615383,15.5,0.0,1.0,1.0,1.0,24.335,5.45
2018-12-13 04:00:00+00:00,West End,Uber,Black,13.0,0.055,3.1,2.0846153846153848,0.12,0.48,27.5,20.76923076923077,15.0,0.0,1.0,1.0,1.0,22.99,4.470000000000001
2018-12-13 05:00:00+00:00,West End,Uber,Black,7.0,0.07,3.15,2.817142857142857,2.14,0.51,25.0,23.142857142857142,19.5,0.0,1.0,1.0,1.0,22.3,5.06
2018-12-13 06:00:00+00:00,West End,Uber,Black,14.0,0.29,2.84,1.900714285714286,0.72,0.56,26.0,19.5,15.0,0.0,1.0,1.0,1.0,21.14,4.95
2018-12-13 07:00:00+00:00,West End,Uber,Black,12.0,0.51,3.15,2.18,0.72,0.59,26.0,20.541666666666668,15.5,0.0,1.0,1.0,1.0,20.49,3.63
2018-12-13 08:00:00+00:00,West End,Uber,Black,12.0,0.62,2.84,2.26,0.72,0.61,27.0,21.08333333333333,15.0,0.0,1.0,1.0,1.0,20.06,3.76
2018-12-13 09:00:00+00:00,West End,Uber,Black,14.0,0.39,3.15,1.9,0.72,0.64,26.0,20.035714285714285,15.0,0.0,1.0,1.0,1.0,19.92,3.88
2018-12-13 10:00:00+00:00,West End,Uber,Black,15.0,0.42,3.15,2.086,0.72,0.64,25.5,19.933333333333334,15.0,0.0,1.0,1.0,1.0,19.88,3.83
2018-12-13 11:00:00+00:00,West End,Uber,Black,15.0,0.45,3.2,1.6706666666666667,0.12,0.63,25.0,18.9,15.0,0.0,1.0,1.0,1.0,20.06,2.87
2018-12-13 12:00:00+00:00,West End,Uber,Black,16.0,0.29,3.15,2.311875,0.72,0.63,27.0,21.53125,15.0,0.0,1.0,1.0,1.0,20.31,3.09
2018-12-13 13:00:00+00:00,West End,Uber,Black,12.0,0.19,3.2,2.13,0.72,0.6,28.5,20.166666666666668,15.0,0.0,1.0,1.0,1.0,21.32,2.88
2018-12-13 14:00:00+00:00,West End,Uber,Black,13.0,0.33,2.86,2.0884615384615386,0.72,0.61,26.0,20.615384615384617,15.0,0.0,1.0,1.0,1.0,23.81,3.02
2018-12-13 15:00:00+00:00,West End,Uber,Black,13.0,0.52,2.84,2.137692307692308,0.72,0.58,26.0,19.65384615384616,16.0,0.0,1.0,1.0,1.0,26.24,2.82
2018-12-13 16:00:00+00:00,West End,Uber,Black,16.0,0.24,3.1,2.18625,0.72,0.56,29.5,21.15625,15.0,0.0,1.0,1.0,1.0,28.62,2.11
2018-12-13 17:00:00+00:00,West End,Uber,Black,12.0,0.54,3.15,1.7341666666666666,0.72,0.55,26.5,19.20833333333333,15.0,0.0,1.0,1.0,1.0,31.74,2.06
2018-12-13 18:00:00+00:00,West End,Uber,Black,12.0,0.69,3.15,1.8591666666666669,0.73,0.56,26.0,19.58333333333333,15.0,0.0,1.0,1.0,1.0,32.23,2.36
2018-12-13 19:00:00+00:00,West End,Uber,Black,19.0,0.51,3.2,1.8484210526315787,0.72,0.57,25.5,19.44736842105263,15.0,0.0,1.0,1.0,1.0,32.63,1.84
2018-12-13 20:00:00+00:00,West End,Uber,Black,10.0,0.59,2.84,1.975,0.72,0.62,25.0,20.15,15.0,0.0,1.0,1.0,1.0,32.1,1.39
2018-12-13 21:00:00+00:00,West End,Uber,Black,12.0,0.76,3.15,1.96,0.72,0.63,25.0,19.45833333333333,16.0,0.0,1.0,1.0,1.0,31.5,2.03
2018-12-13 22:00:00+00:00,West End,Uber,Black,9.0,0.83,3.08,2.208888888888889,0.72,0.64,24.0,20.38888888888889,16.0,0.0,1.0,1.0,1.0,31.18,2.31
2018-12-13 23:00:00+00:00,West End,Uber,Black,11.0,0.54,3.1,1.3709090909090913,0.72,0.66,25.0,18.227272727272727,15.0,0.0,1.0,1.0,1.0,30.54,2.06
2018-12-14 00:00:00+00:00,West End,Uber,Black,8.0,0.69,3.08,2.4,1.23,0.69,26.0,21.375,16.0,0.0,1.0,1.0,1.0,29.82,1.96
2018-12-14 01:00:00+00:00,West End,Uber,Black,11.0,0.78,3.2,2.040909090909091,0.72,0.69,26.0,20.59090909090909,15.0,0.0,1.0,1.0,1.0,30.01,2.29
2018-12-14 02:00:00+00:00,West End,Uber,Black,17.0,0.59,3.15,2.353529411764706,0.72,0.7,25.0,21.08823529411765,16.0,0.0,1.0,1.0,1.0,29.85,1.94
2018-12-14 03:00:00+00:00,West End,Uber,Black,10.0,0.69,3.2,2.212,0.72,0.71,35.0,23.2,15.5,0.0,1.0,1.0,1.0,29.73,1.92
2018-12-14 04:00:00+00:00,West End,Uber,Black,6.0,0.73,3.15,2.3766666666666665,1.0,0.72,25.0,22.166666666666668,17.0,0.0,1.0,1.0,1.0,29.47,1.37
2018-12-14 05:00:00+00:00,West End,Uber,Black,13.0,0.6,3.15,2.276923076923077,0.72,0.74,25.0,20.807692307692307,15.0,0.0,1.0,1.0,1.0,29.24,1.39
2018-12-14 06:00:00+00:00,West End,Uber,Black,20.0,0.59,3.2,2.298999999999999,0.72,0.73,27.0,21.125,15.0,0.0,1.0,1.0,1.0,29.23,0.82
2018-12-14 07:00:00+00:00,West End,Uber,Black,15.0,0.34,3.15,2.001333333333333,0.72,0.77,26.0,20.0,15.0,0.0,1.0,1.0,1.0,28.02,2.48
2018-12-14 08:00:00+00:00,West End,Uber,Black,12.0,0.52,3.16,2.404166666666667,0.72,0.78,25.0,20.666666666666668,15.0,0.0,1.0,1.0,1.0,28.42,3.19
2018-12-14 09:00:00+00:00,West End,Uber,Black,14.0,0.45,3.2,1.6771428571428573,0.72,0.81,26.0,18.535714285714285,15.0,0.0,1.0,1.0,1.0,26.55,2.39
2018-12-14 10:00:00+00:00,West End,Uber,Black,9.0,0.21,3.1,2.606666666666667,1.06,0.82,25.0,22.05555555555556,16.0,0.0,1.0,1.0,1.0,26.7,3.12
2018-12-14 11:00:00+00:00,West End,Uber,Black,10.0,0.15,3.15,1.929,0.72,0.81,25.0,20.3,15.5,0.0,1.0,1.0,1.0,27.09,3.0
2018-12-14 12:00:00+00:00,West End,Uber,Black,16.0,0.14,2.84,1.84125,0.72,0.81,24.5,19.03125,15.0,0.0,1.0,1.0,1.0,28.27,2.29
2018-12-14 13:00:00+00:00,West End,Uber,Black,8.0,0.27,3.51,2.69375,1.23,0.79,25.0,21.875,16.0,0.0,1.0,1.0,1.0,30.47,3.32
2018-12-14 14:00:00+00:00,West End,Uber,Black,12.0,0.17,3.08,2.295,0.72,0.77,25.0,21.0,15.0,0.0,1.0,1.0,1.0,33.32,3.29
2018-12-14 15:00:00+00:00,West End,Uber,Black,6.0,0.21,2.84,1.9866666666666664,0.73,0.66,24.0,19.5,15.0,0.0,1.0,1.0,1.0,39.31,3.2
2018-12-14 16:00:00+00:00,West End,Uber,Black,10.0,0.27,3.15,2.192,0.72,0.66,25.0,20.05,15.0,0.0,1.0,1.0,1.0,41.14,4.3
2018-12-14 17:00:00+00:00,West End,Uber,Black,22.0,0.5,3.18,2.416818181818181,0.72,0.61,26.0,21.431818181818183,15.0,0.0,1.0,1.0,1.0,43.85,3.77
2018-12-14 18:00:00+00:00,West End,Uber,Black,10.0,0.19,3.18,1.719,0.72,0.61,27.0,18.7,15.0,0.0,1.0,1.0,1.0,44.41,3.39
2018-12-14 19:00:00+00:00,West End,Uber,Black,11.0,0.34,3.15,2.372727272727273,0.72,0.66,26.0,21.318181818181817,15.5,0.0,1.0,1.0,1.0,42.62,4.18
2018-12-14 20:00:00+00:00,West End,Uber,Black,8.0,0.91,2.84,1.44125,0.72,0.71,21.5,17.5,15.0,0.0,1.0,1.0,1.0,41.3,4.54
2018-12-14 21:00:00+00:00,West End,Uber,Black,13.0,0.75,3.15,2.213846153846154,0.72,0.73,27.5,20.692307692307693,15.0,0.0,1.0,1.0,1.0,40.83,4.5
2018-12-14 22:00:00+00:00,West End,Uber,Black,15.0,0.93,3.22,1.8366666666666664,0.72,0.77,25.0,19.23333333333333,15.0,0.0,1.0,1.0,1.0,40.96,5.03
2018-12-14 23:00:00+00:00,West End,Uber,Black,13.0,0.86,3.51,2.7892307692307696,1.23,0.8,26.0,23.115384615384617,16.5,0.0,1.0,1.0,1.0,40.87,4.95
2018-12-15 00:00:00+00:00,West End,Uber,Black,13.0,0.86,3.2,1.9123076923076925,0.72,0.83,25.0,18.923076923076923,15.0,0.0,1.0,1.0,1.0,40.63,5.06
2018-12-15 01:00:00+00:00,West End,Uber,Black,10.0,0.87,3.08,2.439,0.98,0.85,26.0,21.7,15.0,0.0,1.0,1.0,1.0,41.16,5.2
2018-12-15 02:00:00+00:00,West End,Uber,Black,11.0,0.91,2.84,1.9481818181818176,0.72,0.88,24.0,20.181818181818183,15.5,0.0,1.0,1.0,1.0,41.61,5.97
2018-12-15 03:00:00+00:00,West End,Uber,Black,8.0,0.98,3.2,2.355,0.98,0.89,24.0,20.875,15.0,0.0,1.0,1.0,1.0,42.66,6.03
2018-12-15 04:00:00+00:00,West End,Uber,Black,8.0,1.0,3.15,1.455,0.72,0.9,25.0,17.9375,15.0,0.0,1.0,1.0,1.0,43.63,6.21
2018-12-15 05:00:00+00:00,West End,Uber,Black,14.0,1.0,2.86,1.9550000000000003,0.72,0.9,25.0,19.428571428571427,15.0,0.0,1.0,1.0,1.0,44.4,6.31
2018-12-15 06:00:00+00:00,West End,Uber,Black,15.0,1.0,3.15,2.1020000000000003,0.72,0.92,26.0,20.4,15.0,0.0,1.0,1.0,1.0,45.08,6.23
2018-12-15 07:00:00+00:00,West End,Uber,Black,9.0,0.91,3.08,2.168888888888889,0.98,0.92,25.0,19.83333333333333,15.0,0.0,1.0,1.0,1.0,45.4,6.43
2018-12-15 08:00:00+00:00,West End,Uber,Black,8.0,0.97,3.08,1.8500000000000003,0.72,0.91,24.5,19.0625,15.0,0.0,1.0,1.0,1.0,45.62,6.13
2018-12-15 09:00:00+00:00,West End,Uber,Black,15.0,0.91,3.08,1.8233333333333333,0.72,0.9,27.0,19.6,15.0,0.0,1.0,1.0,1.0,45.85,5.86
2018-12-15 10:00:00+00:00,West End,Uber,Black,12.0,0.99,3.15,2.066666666666667,0.72,0.91,24.0,19.83333333333333,15.5,0.0,1.0,1.0,1.0,45.78,5.66
2018-12-15 11:00:00+00:00,West End,Uber,Black,8.0,0.88,2.9,2.32125,1.0,0.91,26.0,21.75,16.0,0.0,1.0,1.0,1.0,45.26,4.51
2018-12-15 12:00:00+00:00,West End,Uber,Black,15.0,0.95,3.08,2.189333333333333,0.72,0.91,27.0,20.966666666666665,15.0,0.0,1.0,1.0,1.0,45.49,4.15
2018-12-15 13:00:00+00:00,West End,Uber,Black,12.0,0.97,3.2,2.0125,0.72,0.9,26.0,20.0,15.5,0.0,1.0,1.0,1.0,45.99,3.79
2018-12-15 14:00:00+00:00,West End,Uber,Black,6.0,0.91,3.2,2.473333333333333,0.72,0.88,26.0,21.916666666666668,15.5,0.0,1.0,1.0,1.0,46.88,3.98
2018-12-15 15:00:00+00:00,West End,Uber,Black,15.0,0.88,3.15,2.001333333333333,0.72,0.86,25.0,20.23333333333333,16.0,0.0,1.0,1.0,1.0,48.29,3.97
2018-12-15 16:00:00+00:00,West End,Uber,Black,14.0,0.85,3.15,2.260714285714285,0.72,0.79,25.5,21.107142857142858,15.0,0.0,1.0,1.0,1.0,50.55,2.31
2018-12-15 17:00:00+00:00,West End,Uber,Black,14.0,0.71,3.31,2.386428571428572,0.72,0.75,25.0,20.964285714285715,16.0,0.0,1.0,1.0,1.0,51.81,6.77
2018-12-15 18:00:00+00:00,West End,Uber,Black,13.0,0.9,2.8,1.7892307692307696,0.72,0.73,26.0,18.76923076923077,15.0,0.0,1.0,1.0,1.0,51.94,5.57
2018-12-15 19:00:00+00:00,West End,Uber,Black,13.0,0.62,3.15,2.266923076923077,0.72,0.7,27.0,21.57692307692308,15.0,0.0,1.0,1.0,1.0,49.95,4.74
2018-12-15 20:00:00+00:00,West End,Uber,Black,12.0,0.55,3.15,2.185833333333333,0.72,0.72,25.0,20.291666666666668,15.0,0.0,1.0,1.0,1.0,48.6,5.51
2018-12-15 21:00:00+00:00,West End,Uber,Black,14.0,0.42,2.86,2.032142857142857,0.72,0.7,25.0,19.964285714285715,15.0,0.0,1.0,1.0,1.0,47.03,6.67
2018-12-15 22:00:00+00:00,West End,Uber,Black,15.0,0.43,3.15,1.834,0.72,0.7,36.0,19.9,15.0,0.0,1.0,1.0,1.0,45.17,7.4
2018-12-15 23:00:00+00:00,West End,Uber,Black,6.0,0.35,2.9,2.0683333333333334,0.72,0.71,22.5,19.75,15.0,0.0,1.0,1.0,1.0,43.93,7.91
2018-12-16 00:00:00+00:00,West End,Uber,Black,12.0,0.17,3.15,2.1391666666666667,0.72,0.71,25.5,20.791666666666668,15.0,0.0,1.0,1.0,1.0,42.69,6.39
2018-12-16 01:00:00+00:00,West End,Uber,Black,14.0,0.45,3.08,2.176428571428572,0.98,0.72,26.0,20.642857142857142,16.0,0.0,1.0,1.0,1.0,41.59,6.23
2018-12-16 02:00:00+00:00,West End,Uber,Black,15.0,0.41,3.08,2.278,0.12,0.71,27.5,21.4,15.0,0.0,1.0,1.0,1.0,40.84,6.34
2018-12-16 03:00:00+00:00,West End,Uber,Black,9.0,0.55,3.15,2.3877777777777776,1.03,0.71,25.0,20.72222222222222,17.0,0.0,1.0,1.0,1.0,40.46,6.55
2018-12-16 04:00:00+00:00,West End,Uber,Black,16.0,0.45,3.1,2.219375,0.72,0.72,32.5,21.15625,15.0,0.0,1.0,1.0,1.0,39.42,7.21
2018-12-16 05:00:00+00:00,West End,Uber,Black,15.0,0.41,3.08,2.4026666666666667,0.72,0.71,25.0,21.4,15.0,0.0,1.0,1.0,1.0,39.97,7.76
2018-12-16 06:00:00+00:00,West End,Uber,Black,8.0,0.41,3.2,2.5,0.72,0.73,28.0,22.375,16.0,0.0,1.0,1.0,1.0,39.16,7.74
2018-12-16 07:00:00+00:00,West End,Uber,Black,11.0,0.44,3.08,2.337272727272727,0.72,0.74,25.0,22.09090909090909,16.0,0.0,1.0,1.0,1.0,39.21,7.19
2018-12-16 08:00:00+00:00,West End,Uber,Black,15.0,0.39,3.15,1.8393333333333333,0.72,0.75,24.0,19.166666666666668,15.0,0.0,1.0,1.0,1.0,39.17,8.08
2018-12-16 09:00:00+00:00,West End,Uber,Black,15.0,0.26,3.2,2.5840000000000005,0.72,0.76,26.5,21.9,15.5,0.0,1.0,1.0,1.0,38.39,7.81
2018-12-16 10:00:00+00:00,West End,Uber,Black,10.0,0.61,3.15,2.156,0.72,0.78,27.5,20.7,15.0,0.0,1.0,1.0,1.0,38.53,7.23
2018-12-16 11:00:00+00:00,West End,Uber,Black,11.0,0.83,3.2,2.1990909090909088,0.72,0.78,27.0,20.40909090909091,15.0,0.0,1.0,1.0,1.0,38.75,6.91
2018-12-16 12:00:00+00:00,West End,Uber,Black,16.0,0.84,3.2,2.3356250000000003,0.72,0.74,25.5,20.78125,15.0,0.0,1.0,1.0,1.0,40.32,7.54
2018-12-16 13:00:00+00:00,West End,Uber,Black,11.0,1.0,3.18,1.518181818181818,0.72,0.71,27.5,18.13636363636364,15.0,0.0,1.0,1.0,1.0,41.38,6.85
2018-12-16 14:00:00+00:00,West End,Uber,Black,9.0,0.87,2.84,2.1266666666666665,0.72,0.71,25.0,20.27777777777778,15.0,0.0,1.0,1.0,1.0,41.96,7.29
2018-12-16 15:00:00+00:00,West End,Uber,Black,11.0,0.84,3.15,1.9518181818181817,0.72,0.71,27.0,19.954545454545453,15.0,0.0,1.0,1.0,1.0,42.52,9.81
2018-12-16 16:00:00+00:00,West End,Uber,Black,19.0,0.89,3.2,2.346315789473684,0.72,0.74,25.0,21.105263157894736,15.0,0.01,1.0,1.0,1.0,42.28,9.61
2018-12-16 17:00:00+00:00,West End,Uber,Black,10.0,1.0,3.08,1.826,0.72,0.72,23.0,17.9,15.0,0.0,1.0,1.0,1.0,42.45,9.82
2018-12-16 18:00:00+00:00,West End,Uber,Black,11.0,1.0,3.15,2.297272727272728,0.72,0.75,25.5,21.27272727272728,15.5,0.004,1.0,1.0,1.0,42.8,9.85
2018-12-16 19:00:00+00:00,West End,Uber,Black,23.0,0.95,3.15,2.312173913043478,0.72,0.74,27.5,21.39130434782609,16.0,0.0,1.0,1.0,1.0,42.88,9.84
2018-12-16 20:00:00+00:00,West End,Uber,Black,13.0,0.96,3.15,2.227692307692308,0.72,0.77,26.5,21.15384615384616,15.5,0.0029,1.0,1.0,1.0,42.0,9.79
2018-12-16 21:00:00+00:00,West End,Uber,Black,13.0,1.0,3.2,2.6023076923076927,1.45,0.77,26.5,21.76923076923077,17.0,0.005,1.0,1.0,1.0,41.87,10.69
2018-12-16 22:00:00+00:00,West End,Uber,Black,12.0,0.89,3.08,2.289166666666667,0.72,0.78,26.5,21.916666666666668,15.0,0.0521,1.0,1.0,1.0,41.97,10.98
2018-12-16 23:00:00+00:00,West End,Uber,Black,12.0,1.0,2.9,2.185,0.98,0.77,27.0,20.95833333333333,16.0,0.2006,1.0,1.0,1.0,42.18,11.34
2018-12-17 00:00:00+00:00,West End,Uber,Black,12.0,1.0,3.13,2.306666666666666,0.98,0.84,27.0,21.20833333333333,15.0,0.05,1.0,1.0,1.0,41.6,10.8
2018-12-17 01:00:00+00:00,West End,Uber,Black,16.0,1.0,3.15,2.0975,0.72,0.9,28.5,20.21875,15.0,0.025,1.0,1.0,1.0,40.2,10.49
2018-12-17 02:00:00+00:00,West End,Uber,Black,15.0,1.0,3.15,1.986,0.72,0.94,26.0,19.933333333333334,15.0,0.006,1.0,1.0,1.0,39.2,10.45
2018-12-17 03:00:00+00:00,West End,Uber,Black,11.0,1.0,3.08,2.2845454545454547,0.94,0.92,27.0,21.045454545454547,16.0,0.003,1.0,1.0,1.0,38.95,11.45
2018-12-17 04:00:00+00:00,West End,Uber,Black,16.0,1.0,3.15,2.2418750000000003,0.72,0.91,28.5,21.0625,15.0,0.0,1.0,1.0,1.0,38.83,11.25
2018-12-17 05:00:00+00:00,West End,Uber,Black,15.0,1.0,3.15,1.6586666666666663,0.72,0.9,25.0,18.566666666666663,15.0,0.0,1.0,1.0,1.0,38.74,11.61
2018-12-17 06:00:00+00:00,West End,Uber,Black,14.0,1.0,3.15,1.8121428571428573,0.72,0.91,27.0,19.25,15.0,0.0,1.0,1.0,1.0,38.71,11.03
2018-12-17 07:00:00+00:00,West End,Uber,Black,17.0,1.0,3.2,2.097058823529412,0.72,0.92,27.0,20.58823529411765,15.0,0.0,1.0,1.0,1.0,38.23,10.73
2018-12-17 08:00:00+00:00,West End,Uber,Black,11.0,1.0,3.08,2.234545454545455,0.72,0.92,25.0,20.63636363636364,15.0,0.0,1.0,1.0,1.0,37.28,10.67
2018-12-17 09:00:00+00:00,West End,Uber,Black,12.0,1.0,3.15,2.4291666666666667,0.72,0.93,26.0,21.125,15.0,0.0,1.0,1.0,1.0,36.19,9.76
2018-12-17 10:00:00+00:00,West End,Uber,Black,8.0,1.0,2.84,1.86625,0.72,0.93,24.5,18.875,15.0,0.003,1.0,1.0,1.0,34.75,9.95
2018-12-17 11:00:00+00:00,West End,Uber,Black,17.0,1.0,3.15,2.0652941176470594,0.72,0.93,25.0,20.11764705882353,15.5,0.009,1.0,1.0,1.0,34.18,9.24
2018-12-17 12:00:00+00:00,West End,Uber,Black,20.0,0.99,3.08,1.9205,0.72,0.93,27.0,19.975,15.0,0.0,1.0,1.0,1.0,34.21,8.38
2018-12-17 13:00:00+00:00,West End,Uber,Black,16.0,0.91,3.39,2.27625,0.72,0.9,30.5,21.46875,15.0,0.0,1.0,1.0,1.0,35.65,7.33
2018-12-17 14:00:00+00:00,West End,Uber,Black,16.0,0.91,3.08,2.10125,0.72,0.89,26.0,20.25,15.0,0.0,1.0,1.0,1.0,36.3,6.94
2018-12-17 15:00:00+00:00,West End,Uber,Black,19.0,0.88,3.2,2.017894736842105,0.98,0.87,25.0,20.0,15.0,0.0,1.0,1.0,1.0,37.31,7.6
2018-12-17 16:00:00+00:00,West End,Uber,Black,11.0,1.0,3.1,2.201818181818182,0.72,0.85,26.0,20.63636363636364,15.0,0.0,1.0,1.0,1.0,38.58,6.28
2018-12-17 17:00:00+00:00,West End,Uber,Black,17.0,0.95,3.1,2.227058823529412,0.72,0.81,27.5,21.294117647058822,15.0,0.0,1.0,1.0,1.0,39.56,6.49
2018-12-17 18:00:00+00:00,West End,Uber,Black,12.0,0.93,3.2,2.473333333333333,0.72,0.79,26.5,21.916666666666668,15.0,0.0,1.0,1.0,1.0,40.77,7.54
2018-12-17 19:00:00+00:00,West End,Uber,Black,12.0,0.82,3.08,2.2625,0.72,0.77,24.0,20.625,16.0,0.0,1.0,1.0,1.0,40.55,8.9
2018-12-17 20:00:00+00:00,West End,Uber,Black,14.0,0.77,3.08,2.0449999999999995,0.72,0.74,26.0,20.107142857142858,15.0,0.0,1.0,1.0,1.0,40.1,9.49
2018-12-17 21:00:00+00:00,West End,Uber,Black,7.0,0.73,3.08,2.007142857142857,0.72,0.7,25.0,19.571428571428573,15.0,0.0,1.0,1.0,1.0,40.0,9.14
2018-12-17 22:00:00+00:00,West End,Uber,Black,10.0,0.72,3.15,2.382,0.72,0.7,25.0,20.6,15.5,0.0,1.0,1.0,1.0,39.56,10.1
2018-12-17 23:00:00+00:00,West End,Uber,Black,12.0,0.73,3.15,2.604166666666667,2.14,0.71,26.0,21.791666666666668,18.0,0.0,1.0,1.0,1.0,38.33,9.61
2018-12-18 00:00:00+00:00,West End,Uber,Black,17.0,0.65,3.2,2.071764705882353,0.72,0.71,26.5,20.38235294117647,15.0,0.0,1.0,1.0,1.0,37.18,9.39
2018-12-18 01:00:00+00:00,West End,Uber,Black,15.0,0.55,3.2,2.0166666666666666,0.72,0.71,26.0,19.633333333333333,15.0,0.0,1.0,1.0,1.0,36.72,8.88
2018-12-18 02:00:00+00:00,West End,Uber,Black,15.0,0.29,2.84,1.812,0.72,0.7,25.0,19.466666666666665,15.0,0.0,1.0,1.0,1.0,36.16,10.01
2018-12-18 03:00:00+00:00,West End,Uber,Black,11.0,0.58,3.15,1.9727272727272729,0.72,0.68,22.5,18.818181818181817,15.0,0.0,1.0,1.0,1.0,36.07,9.21
2018-12-18 04:00:00+00:00,West End,Uber,Black,6.0,0.8,3.15,1.663333333333333,0.12,0.67,26.0,19.25,15.0,0.0,1.0,1.0,1.0,35.62,10.65
2018-12-18 05:00:00+00:00,West End,Uber,Black,11.0,0.81,2.84,2.021818181818182,0.72,0.65,27.5,20.363636363636363,16.0,0.0371,1.0,1.0,1.0,34.72,11.88
2018-12-18 06:00:00+00:00,West End,Uber,Black,8.0,1.0,3.15,2.39375,0.72,0.62,26.0,21.25,16.0,0.0,1.0,1.0,1.0,33.34,13.34
2018-12-18 07:00:00+00:00,West End,Uber,Black,14.0,1.0,3.18,2.307142857142857,0.72,0.59,26.0,21.571428571428573,15.5,0.0,1.0,1.0,1.0,29.93,13.08
2018-12-18 08:00:00+00:00,West End,Uber,Black,11.0,0.97,3.2,2.1427272727272726,0.98,0.56,25.0,20.727272727272727,15.0,0.0,1.0,1.0,1.0,28.32,15.55
2018-12-18 09:00:00+00:00,West End,Uber,Black,14.0,0.8,3.08,2.018571428571429,0.72,0.54,25.0,19.964285714285715,15.0,0.0,1.0,1.0,1.0,27.34,17.45
2018-12-18 10:00:00+00:00,West End,Uber,Black,17.0,0.77,3.2,1.6694117647058826,0.72,0.53,26.0,18.294117647058822,15.0,0.0,1.0,1.0,1.0,25.18,18.12
2018-12-18 11:00:00+00:00,West End,Uber,Black,15.0,0.64,3.2,2.649333333333333,0.86,0.54,28.0,22.9,15.5,0.0,1.0,1.0,1.0,23.6,16.18
2018-12-18 12:00:00+00:00,West End,Uber,Black,17.0,0.5,3.15,2.468235294117647,0.72,0.51,25.0,21.823529411764707,15.0,0.0,1.0,1.0,1.0,23.81,14.95
2018-12-18 13:00:00+00:00,West End,Uber,Black,8.0,0.51,3.2,1.4587500000000002,0.73,0.49,25.0,17.6875,15.0,0.0,1.0,1.0,1.0,25.25,13.02
2018-12-18 14:00:00+00:00,West End,Uber,Black,11.0,0.48,3.08,2.0390909090909086,0.72,0.47,24.0,19.59090909090909,15.5,0.0,1.0,1.0,1.0,26.19,13.89
2018-12-18 15:00:00+00:00,West End,Uber,Black,16.0,0.34,3.15,1.8775,0.72,0.46,24.0,18.84375,15.0,0.0,1.0,1.0,1.0,27.22,15.03
2018-12-18 16:00:00+00:00,West End,Uber,Black,9.0,0.31,3.2,2.614444444444445,1.23,0.47,25.0,22.22222222222222,17.0,0.0,1.0,1.0,1.0,28.7,14.6
2018-12-18 17:00:00+00:00,West End,Uber,Black,7.0,0.15,2.84,1.6900000000000002,0.72,0.46,26.0,20.428571428571427,15.0,0.0,1.0,1.0,1.0,30.05,13.55
2018-12-18 18:00:00+00:00,West End,Uber,Black,13.0,0.0,3.18,2.5615384615384613,1.06,0.46,26.0,21.65384615384616,15.5,0.0,1.0,1.0,1.0,30.79,13.09
